model,alpha,cv_r2,train_r2,test_r2
Ridge,0.01,0.7482,0.7518,0.7486
Ridge,0.017433288221999882,0.7482,0.7518,0.7486
Ridge,0.03039195382313198,0.7482,0.7518,0.7486
Ridge,0.05298316906283707,0.7482,0.7518,0.7486
Ridge,0.09236708571873865,0.7481,0.7517,0.7486
Ridge,0.16102620275609392,0.7481,0.7517,0.7486
Ridge,0.2807216203941177,0.7481,0.7517,0.7486
Ridge,0.4893900918477494,0.748,0.7516,0.7485
Ridge,0.853167852417281,0.748,0.7516,0.7485
Ridge,1.4873521072935119,0.748,0.7516,0.7485
Ridge,2.592943797404667,0.748,0.7515,0.7485
Ridge,4.520353656360245,0.748,0.7515,0.7485
Ridge,7.880462815669913,0.748,0.7515,0.7485
Ridge,13.738237958832638,0.748,0.7515,0.7485
Ridge,23.95026619987486,0.748,0.7515,0.7485
Ridge,41.753189365604044,0.748,0.7515,0.7485
Ridge,72.78953843983153,0.7479,0.7514,0.7484
Ridge,126.89610031679234,0.7475,0.7511,0.7481
Ridge,221.22162910704503,0.7465,0.7503,0.7474
Ridge,385.6620421163472,0.7441,0.7485,0.7456
Ridge,672.3357536499335,0.7389,0.7446,0.7416
Ridge,1172.1022975334818,0.7296,0.737,0.7339
Ridge,2043.3597178569437,0.7149,0.7245,0.7212
Ridge,3562.2478902624443,0.693,0.7057,0.7022
Ridge,6210.169418915616,0.659,0.6774,0.6735
Ridge,10826.36733874054,0.6044,0.6321,0.6278
Ridge,18873.918221350996,0.5226,0.5614,0.557
Ridge,32903.44562312671,0.418,0.4643,0.4601
Ridge,57361.52510448681,0.3076,0.3534,0.3498
Ridge,100000.0,0.21,0.2484,0.2456
Lasso,100000.0,-0.0,0.0,-0.0004
Lasso,67233.57536499335,-0.0,0.0,-0.0004
Lasso,45203.5365636025,0.0864,0.0868,0.087
Lasso,30391.95382313201,0.2433,0.2436,0.2441
Lasso,20433.59717856944,0.3142,0.3144,0.3141
Lasso,13738.237958832638,0.3794,0.3795,0.3784
Lasso,9236.708571873865,0.446,0.4469,0.4429
Lasso,6210.169418915616,0.5444,0.5453,0.5398
Lasso,4175.318936560405,0.6197,0.6213,0.6153
Lasso,2807.2162039411787,0.6691,0.6715,0.666
Lasso,1887.3918221350978,0.7019,0.7045,0.7007
Lasso,1268.9610031679233,0.7204,0.7229,0.7199
Lasso,853.1678524172814,0.7338,0.7364,0.7333
Lasso,573.6152510448682,0.7413,0.7442,0.741
Lasso,385.6620421163472,0.7451,0.748,0.7448
Lasso,259.2943797404667,0.7467,0.7498,0.7467
Lasso,174.3328822199989,0.7475,0.7507,0.7476
Lasso,117.21022975334806,0.7478,0.7511,0.7481
Lasso,78.80462815669912,0.748,0.7513,0.7483
Lasso,52.9831690628371,0.748,0.7514,0.7484
Lasso,35.622478902624444,0.748,0.7514,0.7485
Lasso,23.95026619987486,0.7481,0.7515,0.7485
Lasso,16.102620275609393,0.7481,0.7515,0.7485
Lasso,10.826367338740546,0.748,0.7515,0.7485
Lasso,7.278953843983151,0.748,0.7515,0.7485
Lasso,4.893900918477494,0.748,0.7515,0.7485
Lasso,3.2903445623126686,0.748,0.7515,0.7485
Lasso,2.2122162910704493,0.748,0.7515,0.7485
Lasso,1.4873521072935114,0.748,0.7515,0.7485
Lasso,1.0,0.748,0.7515,0.7485
